Navn,Storkreds,Parti,Kost,Q1,Q1.1,Q1.2,Q1.3,Q1.4,Q1.5,Alle offentlige køkkener skal pålægges at reducere deres CO2-udslip fra mad og måltider med 25% i 2025.,Alle offentlige køkkener skal pålægges at reducere deres CO2-udslip fra mad og måltider med 50% i 2030.,"En øremærket pulje til efteruddannelse af køkkenpersonale skal sikre, at alle madprofessionelle ved, hvordan de tilbereder klimavenlig, plantebaseret mad.",Lægeuddannelsen skal indeholde et obligatorisk fag om forebyggelse af sygdomme gennem mere plantebaseret kost.,"Der skal være en plantebaseret kokkeuddannelse i Danmark, så den grønne gastronomi kan blive udviklet.",Fødevarestyrelsen skal have flere midler til at styrke deres faglige ressourcer til at rådgive om plantebaseret ernæring.,"Det skal sikres, at myndighederne på altomkost.dk vejleder konstruktivt i plantebaseret kost, herunder også sikrer konstruktiv vejledning til veganske børnefamilier.",Momsen på frugt og grønt skal sænkes.,"Der skal være en klimaafgift på alle fødevarer, der afspejler deres drivhusgasudledning.",Der skal være en klimaafgift specifikt på alle animalske fødevarer,"Finansielle institutioner (banker, pensionskasser og investeringsrådgivere, långivere etc.) skal pålægges hvert år at afrapportere, hvordan deres porteføljer, produkter og långivning bidrager til grøn omstilling af landbruget, herunder især fra animalsk til plantebaseret produktion.","Fonden for Plantebaserede Fødevarer skal have mindst 200 mio. kr. ekstra årligt udover de eksisterende 85 mio. kr. årligt, så niveauet i højere grad svarer til omfanget af den nødvendige omstilling.","Forskningsmidler indenfor fødevarer skal omlægges til i højere grad at fokusere på klimavenlige, plantebaserede fødevarer frem for animalske.","Den danske animalske landbrugsproduktion står for en stor andel af den samlede danske drivhusgasudledning. Derfor skal antallet af landbrugsdyr (svin, kyllinger, køer, osv.) mindskes til halvdelen af det nuværende antal i 2030.","Landmænd, der vil omlægge deres produktion til flere plantebaserede afgrøder til mennesker, skal kunne modtage gratis efteruddannelse.","Støtteordninger til fødevareerhvervet skal omlægges til i højere grad at støtte klimavenlige, plantebaserede fødevarer frem for animalske.",Score,Kost_color
Mira Issa Bloch,Østjyllands Storkreds,Å. Alternativet,Pescetar,Enig - det vil jeg arbejde aktivt for,Enig - det vil jeg arbejde aktivt for,Enig - det vil jeg arbejde aktivt for,Enig - det vil jeg arbejde aktivt for,Enig - det vil jeg arbejde aktivt for,Enig - det vil jeg arbejde aktivt for,2,2,2,2,2,2,2,2,2,2,2,2,2,2,2,2,32,blue
Benny Dall,Sydjyllands Storkreds,Ø. Enhedslisten,Fleksitar,Enig - det vil jeg arbejde aktivt for,Enig - det vil jeg arbejde aktivt for,Enig - det vil jeg arbejde aktivt for,Enig - det vil jeg arbejde aktivt for,Enig - det vil jeg arbejde aktivt for,Enig - det vil jeg arbejde aktivt for,2,2,2,1,2,2,2,0,2,2,0,1,1,2,2,2,25,turquoise
Karen Budtz-Jørgensen,Østjyllands Storkreds,Ø. Enhedslisten,Ønsker ikke at svare,Enig - det vil jeg arbejde aktivt for,Enig - det vil jeg arbejde aktivt for,Enig - det vil jeg arbejde aktivt for,Enig - det vil jeg arbejde aktivt for,Enig - det vil jeg arbejde aktivt for,Enig - det vil jeg arbejde aktivt for,2,1,0,0,0,0,0,0,0,0,0,0,0,0,0,0,3,grey
Jesper Housgaard,Københavns Storkreds,K. Kristendemokraterne,Ønsker ikke at svare,0,"Enig - det vil jeg støtte, men jeg vil ikke selv sætte det på dagsordenen","Enig - det vil jeg støtte, men jeg vil ikke selv sætte det på dagsordenen","Enig - det vil jeg støtte, men jeg vil ikke selv sætte det på dagsordenen",Uenig - det vil jeg ikke støtte,Uenig - det vil jeg ikke støtte,1,0,0,0,0,0,0,0,0,0,0,0,0,0,0,0,1,grey
Hikmet Altun,Sjællands Storkreds,B. Det Radikale Venstre,Kødspiser,Enig - det vil jeg arbejde aktivt for,Enig - det vil jeg arbejde aktivt for,Enig - det vil jeg arbejde aktivt for,Enig - det vil jeg arbejde aktivt for,Enig - det vil jeg arbejde aktivt for,Enig - det vil jeg arbejde aktivt for,2,1,1,1,1,1,1,2,1,0,1,1,1,2,2,1,19,red
Sikandar Siddique,Københavns Storkreds,Q. Frie Grønne,Ønsker ikke at svare,Enig - det vil jeg arbejde aktivt for,Enig - det vil jeg arbejde aktivt for,Enig - det vil jeg arbejde aktivt for,Enig - det vil jeg arbejde aktivt for,Enig - det vil jeg arbejde aktivt for,Enig - det vil jeg arbejde aktivt for,2,2,2,2,2,2,2,0,2,2,2,1,2,2,2,2,29,grey
Niels Bjarne Lund,Fyns Storkreds,Ø. Enhedslisten,Kødspiser,Enig - det vil jeg arbejde aktivt for,Enig - det vil jeg arbejde aktivt for,Enig - det vil jeg arbejde aktivt for,Enig - det vil jeg arbejde aktivt for,Enig - det vil jeg arbejde aktivt for,Enig - det vil jeg arbejde aktivt for,2,2,2,1,1,1,1,2,2,1,1,1,2,2,2,2,25,red
Bruno Jerup,Sjællands Storkreds,Ø. Enhedslisten,Fleksitar,Enig - det vil jeg arbejde aktivt for,Enig - det vil jeg arbejde aktivt for,Enig - det vil jeg arbejde aktivt for,Enig - det vil jeg arbejde aktivt for,Enig - det vil jeg arbejde aktivt for,Enig - det vil jeg arbejde aktivt for,2,2,2,1,1,1,0,2,2,2,2,2,2,2,2,2,27,turquoise
Sebastian Schwartz,Københavns Omegns Storkreds,A. Socialdemokratiet,Fleksitar,"Enig - det vil jeg støtte, men jeg vil ikke selv sætte det på dagsordenen","Enig - det vil jeg støtte, men jeg vil ikke selv sætte det på dagsordenen","Enig - det vil jeg støtte, men jeg vil ikke selv sætte det på dagsordenen","Enig - det vil jeg støtte, men jeg vil ikke selv sætte det på dagsordenen","Enig - det vil jeg støtte, men jeg vil ikke selv sætte det på dagsordenen","Enig - det vil jeg støtte, men jeg vil ikke selv sætte det på dagsordenen",1,1,1,0,1,1,1,0,0,1,1,0,1,2,2,2,15,turquoise
Helene Liliendahl Brydensholt ,Nordsjællands Storkreds,Å. Alternativet,Pescetar,Enig - det vil jeg arbejde aktivt for,Enig - det vil jeg arbejde aktivt for,Enig - det vil jeg arbejde aktivt for,Enig - det vil jeg arbejde aktivt for,Enig - det vil jeg arbejde aktivt for,Enig - det vil jeg arbejde aktivt for,2,2,2,0,0,1,1,2,2,2,0,2,2,2,2,2,24,blue
Johan Brødsgaard,Vestjyllands Storkreds,B. Det Radikale Venstre,Vegetar,Enig - det vil jeg arbejde aktivt for,Enig - det vil jeg arbejde aktivt for,Enig - det vil jeg arbejde aktivt for,Enig - det vil jeg arbejde aktivt for,Enig - det vil jeg arbejde aktivt for,Enig - det vil jeg arbejde aktivt for,2,2,2,1,1,2,2,2,2,2,1,1,2,2,1,2,27,"rgb(140,190,84)"
Marianne Stannum,Nordsjællands Storkreds,F. Socialistisk Folkeparti,Fleksitar,"Enig - det vil jeg støtte, men jeg vil ikke selv sætte det på dagsordenen","Enig - det vil jeg støtte, men jeg vil ikke selv sætte det på dagsordenen",Enig - det vil jeg arbejde aktivt for,Enig - det vil jeg arbejde aktivt for,Enig - det vil jeg arbejde aktivt for,"Enig - det vil jeg støtte, men jeg vil ikke selv sætte det på dagsordenen",1,0,1,0,1,1,1,1,0,1,0,0,1,1,1,1,11,turquoise
Bodil Marie Helbo,Fyns Storkreds,Å. Alternativet,Pescetar,"Enig - det vil jeg støtte, men jeg vil ikke selv sætte det på dagsordenen","Enig - det vil jeg støtte, men jeg vil ikke selv sætte det på dagsordenen","Enig - det vil jeg støtte, men jeg vil ikke selv sætte det på dagsordenen","Enig - det vil jeg støtte, men jeg vil ikke selv sætte det på dagsordenen","Enig - det vil jeg støtte, men jeg vil ikke selv sætte det på dagsordenen","Enig - det vil jeg støtte, men jeg vil ikke selv sætte det på dagsordenen",1,1,2,2,2,2,2,2,1,2,2,0,2,2,0,2,25,blue
John Bjerg ,Nordjyllands Storkreds,D. Nye Borgerlige,Kødspiser,Uenig - det vil jeg ikke støtte,Uenig - det vil jeg ikke støtte,Uenig - det vil jeg ikke støtte,Uenig - det vil jeg ikke støtte,Uenig - det vil jeg ikke støtte,Uenig - det vil jeg ikke støtte,0,0,0,0,0,0,0,0,0,0,0,0,0,0,0,0,0,red
Jonathan Ries,Københavns Storkreds,Å. Alternativet,Ønsker ikke at svare,Enig - det vil jeg arbejde aktivt for,Enig - det vil jeg arbejde aktivt for,Enig - det vil jeg arbejde aktivt for,Enig - det vil jeg arbejde aktivt for,Enig - det vil jeg arbejde aktivt for,Enig - det vil jeg arbejde aktivt for,2,2,2,2,2,2,2,2,2,2,0,2,2,2,2,2,30,grey
Victoria Bøgh Salo,Fyns Storkreds,Ø. Enhedslisten,Vegetar,Enig - det vil jeg arbejde aktivt for,Enig - det vil jeg arbejde aktivt for,Enig - det vil jeg arbejde aktivt for,Enig - det vil jeg arbejde aktivt for,Enig - det vil jeg arbejde aktivt for,Enig - det vil jeg arbejde aktivt for,2,2,2,1,2,2,2,0,2,1,2,2,2,2,2,2,28,"rgb(140,190,84)"
Mette Bram,Københavns Storkreds,Å. Alternativet,Fleksitar,Enig - det vil jeg arbejde aktivt for,Enig - det vil jeg arbejde aktivt for,Enig - det vil jeg arbejde aktivt for,Enig - det vil jeg arbejde aktivt for,Enig - det vil jeg arbejde aktivt for,Enig - det vil jeg arbejde aktivt for,2,2,2,2,2,2,2,2,2,2,2,2,2,2,2,2,32,turquoise
Clara Turms,Københavns Storkreds,Ø. Enhedslisten,Ønsker ikke at svare,Enig - det vil jeg arbejde aktivt for,Enig - det vil jeg arbejde aktivt for,Enig - det vil jeg arbejde aktivt for,Enig - det vil jeg arbejde aktivt for,Enig - det vil jeg arbejde aktivt for,Enig - det vil jeg arbejde aktivt for,2,2,0,0,0,0,0,0,0,0,0,0,0,0,0,0,4,grey
Daniel Nyboe Andersen,Nordjyllands Storkreds,B. Det Radikale Venstre,Fleksitar,Enig - det vil jeg arbejde aktivt for,Enig - det vil jeg arbejde aktivt for,Enig - det vil jeg arbejde aktivt for,Enig - det vil jeg arbejde aktivt for,Enig - det vil jeg arbejde aktivt for,Enig - det vil jeg arbejde aktivt for,2,2,2,1,2,2,2,0,2,0,0,2,2,0,2,2,23,turquoise
Allan Berg,Vestjyllands Storkreds,D. Nye Borgerlige,Kødspiser,Uenig - det vil jeg ikke støtte,Uenig - det vil jeg ikke støtte,Uenig - det vil jeg ikke støtte,Uenig - det vil jeg ikke støtte,Uenig - det vil jeg ikke støtte,Uenig - det vil jeg ikke støtte,0,0,0,0,0,0,0,2,0,0,0,0,0,0,0,0,2,red
Monika Rubin,Københavns Omegns Storkreds,M. Moderaterne,Ønsker ikke at svare,Ved ikke / har ikke taget stilling,Enig - det vil jeg arbejde aktivt for,"Enig - det vil jeg støtte, men jeg vil ikke selv sætte det på dagsordenen","Enig - det vil jeg støtte, men jeg vil ikke selv sætte det på dagsordenen",Enig - det vil jeg arbejde aktivt for,"Enig - det vil jeg støtte, men jeg vil ikke selv sætte det på dagsordenen",1,1,0,0,1,0,1,1,0,0,0,0,0,0,0,0,5,grey
Charlotte Lindberg ,Vestjyllands Storkreds,Ø. Enhedslisten,Kødspiser,Enig - det vil jeg arbejde aktivt for,Enig - det vil jeg arbejde aktivt for,Enig - det vil jeg arbejde aktivt for,Enig - det vil jeg arbejde aktivt for,Enig - det vil jeg arbejde aktivt for,Enig - det vil jeg arbejde aktivt for,2,2,2,2,2,2,2,1,0,1,0,0,1,2,2,2,23,red
Camilla Dalum Jensen ,Fyns Storkreds,Ø. Enhedslisten,Ønsker ikke at svare,0,0,0,0,0,0,0,0,0,0,0,0,0,0,0,0,0,0,0,0,0,0,0,grey
Pia Olsen Dyhr,Københavns Storkreds,F. Socialistisk Folkeparti,Fleksitar,Enig - det vil jeg arbejde aktivt for,Enig - det vil jeg arbejde aktivt for,Enig - det vil jeg arbejde aktivt for,Enig - det vil jeg arbejde aktivt for,Enig - det vil jeg arbejde aktivt for,Enig - det vil jeg arbejde aktivt for,2,2,2,0,2,2,2,0,0,0,1,0,2,0,2,2,19,turquoise
Isabella Arendt,Østjyllands Storkreds,C. Det Konservative Folkeparti,Kødspiser,Uenig - det vil jeg ikke støtte,Uenig - det vil jeg ikke støtte,"Enig - det vil jeg støtte, men jeg vil ikke selv sætte det på dagsordenen","Enig - det vil jeg støtte, men jeg vil ikke selv sætte det på dagsordenen",Uenig - det vil jeg ikke støtte,Uenig - det vil jeg ikke støtte,2,2,1,0,0,0,1,0,1,0,0,0,0,0,0,0,7,red
Mogens Birkelund,Vestjyllands Storkreds,C. Det Konservative Folkeparti,Kødspiser,"Enig - det vil jeg støtte, men jeg vil ikke selv sætte det på dagsordenen","Enig - det vil jeg støtte, men jeg vil ikke selv sætte det på dagsordenen","Enig - det vil jeg støtte, men jeg vil ikke selv sætte det på dagsordenen","Enig - det vil jeg støtte, men jeg vil ikke selv sætte det på dagsordenen","Enig - det vil jeg støtte, men jeg vil ikke selv sætte det på dagsordenen","Enig - det vil jeg støtte, men jeg vil ikke selv sætte det på dagsordenen",2,1,2,1,1,0,1,0,0,0,1,0,0,0,1,0,10,red
Camilla Fabricius,Østjyllands Storkreds,A. Socialdemokratiet,Ønsker ikke at svare,Enig - det vil jeg arbejde aktivt for,Enig - det vil jeg arbejde aktivt for,Enig - det vil jeg arbejde aktivt for,Enig - det vil jeg arbejde aktivt for,Enig - det vil jeg arbejde aktivt for,Enig - det vil jeg arbejde aktivt for,2,2,2,0,2,2,0,2,2,0,2,2,2,0,0,0,20,grey
Aksel Rosager Johansen,Vestjyllands Storkreds,Ø. Enhedslisten,Fleksitar,Enig - det vil jeg arbejde aktivt for,Enig - det vil jeg arbejde aktivt for,Enig - det vil jeg arbejde aktivt for,Enig - det vil jeg arbejde aktivt for,Enig - det vil jeg arbejde aktivt for,Enig - det vil jeg arbejde aktivt for,2,2,2,0,1,2,2,1,2,2,1,2,2,2,2,2,27,turquoise
Jens Harder,Nordjyllands Storkreds,Å. Alternativet,Fleksitar,Enig - det vil jeg arbejde aktivt for,Enig - det vil jeg arbejde aktivt for,Enig - det vil jeg arbejde aktivt for,Enig - det vil jeg arbejde aktivt for,Enig - det vil jeg arbejde aktivt for,Enig - det vil jeg arbejde aktivt for,2,2,2,1,1,1,2,2,2,1,0,2,2,2,2,2,26,turquoise
Trine Pertou Mach,Sjællands Storkreds,Ø. Enhedslisten,Ønsker ikke at svare,0,0,0,0,0,0,0,0,0,0,0,0,0,0,0,0,0,0,0,0,0,0,0,grey
Marianne Lynghøj,Nordsjællands Storkreds,V. Venstre,Fleksitar,"Enig - det vil jeg støtte, men jeg vil ikke selv sætte det på dagsordenen","Enig - det vil jeg støtte, men jeg vil ikke selv sætte det på dagsordenen","Enig - det vil jeg støtte, men jeg vil ikke selv sætte det på dagsordenen","Enig - det vil jeg støtte, men jeg vil ikke selv sætte det på dagsordenen","Enig - det vil jeg støtte, men jeg vil ikke selv sætte det på dagsordenen","Enig - det vil jeg støtte, men jeg vil ikke selv sætte det på dagsordenen",2,2,0,0,1,0,1,0,2,0,0,0,0,0,1,0,9,turquoise
Annie Hagel,Nordjyllands Storkreds,Ø. Enhedslisten,Fleksitar,Enig - det vil jeg arbejde aktivt for,Enig - det vil jeg arbejde aktivt for,Enig - det vil jeg arbejde aktivt for,"Enig - det vil jeg støtte, men jeg vil ikke selv sætte det på dagsordenen",Enig - det vil jeg arbejde aktivt for,Enig - det vil jeg arbejde aktivt for,2,2,2,1,1,1,1,2,1,1,2,1,1,2,2,2,24,turquoise
Anders Andreasen,Vestjyllands Storkreds,A. Socialdemokratiet,Ønsker ikke at svare,Enig - det vil jeg arbejde aktivt for,Enig - det vil jeg arbejde aktivt for,Enig - det vil jeg arbejde aktivt for,Enig - det vil jeg arbejde aktivt for,Enig - det vil jeg arbejde aktivt for,Enig - det vil jeg arbejde aktivt for,2,0,2,0,0,2,0,2,0,0,0,0,0,0,0,0,8,grey
Miralem Garagic,Sjællands Storkreds,Ø. Enhedslisten,Fleksitar,0,0,0,0,0,Enig - det vil jeg arbejde aktivt for,2,2,2,2,2,2,2,2,2,2,2,2,2,2,2,2,32,turquoise
Kenneth Kristensen Berth,Københavns Storkreds,O. Dansk Folkeparti,Kødspiser,Uenig - det vil jeg ikke støtte,Uenig - det vil jeg ikke støtte,Uenig - det vil jeg ikke støtte,Uenig - det vil jeg ikke støtte,Uenig - det vil jeg ikke støtte,Uenig - det vil jeg ikke støtte,0,0,0,0,0,0,0,2,0,0,0,0,0,0,0,0,2,red
David Dam Jensen,Sydjyllands Storkreds,F. Socialistisk Folkeparti,Ønsker ikke at svare,0,0,0,0,0,0,0,0,0,0,0,0,0,0,0,0,0,0,0,0,0,0,0,grey
Anna Astrid Høy-Nielsen,Fyns Storkreds,Å. Alternativet,Veganer,Enig - det vil jeg arbejde aktivt for,Enig - det vil jeg arbejde aktivt for,Enig - det vil jeg arbejde aktivt for,Enig - det vil jeg arbejde aktivt for,Enig - det vil jeg arbejde aktivt for,Enig - det vil jeg arbejde aktivt for,2,2,2,2,2,2,2,2,2,2,2,2,2,2,2,2,32,"rgb(16,114,60)"
Ane Line Søndergaard,Sydjyllands Storkreds,Å. Alternativet,Fleksitar,Enig - det vil jeg arbejde aktivt for,Enig - det vil jeg arbejde aktivt for,Enig - det vil jeg arbejde aktivt for,Enig - det vil jeg arbejde aktivt for,Enig - det vil jeg arbejde aktivt for,Enig - det vil jeg arbejde aktivt for,2,2,2,2,2,2,2,2,2,2,2,2,2,2,2,2,32,turquoise
Peder Larsen,Nordjyllands Storkreds,F. Socialistisk Folkeparti,Fleksitar,Enig - det vil jeg arbejde aktivt for,Enig - det vil jeg arbejde aktivt for,Enig - det vil jeg arbejde aktivt for,Enig - det vil jeg arbejde aktivt for,Enig - det vil jeg arbejde aktivt for,Enig - det vil jeg arbejde aktivt for,2,2,2,2,2,2,2,2,2,2,2,2,2,2,2,2,32,turquoise
Theresa Berg Andersen,Nordjyllands Storkreds,F. Socialistisk Folkeparti,Kødspiser,"Enig - det vil jeg støtte, men jeg vil ikke selv sætte det på dagsordenen","Enig - det vil jeg støtte, men jeg vil ikke selv sætte det på dagsordenen","Enig - det vil jeg støtte, men jeg vil ikke selv sætte det på dagsordenen","Enig - det vil jeg støtte, men jeg vil ikke selv sætte det på dagsordenen","Enig - det vil jeg støtte, men jeg vil ikke selv sætte det på dagsordenen","Enig - det vil jeg støtte, men jeg vil ikke selv sætte det på dagsordenen",2,2,2,1,2,2,1,0,2,0,1,0,2,0,2,0,19,red
Kasper Sørmer-Sørensen,Nordjyllands Storkreds,O. Dansk Folkeparti,Kødspiser,Ved ikke / har ikke taget stilling,Ved ikke / har ikke taget stilling,Ved ikke / har ikke taget stilling,Ved ikke / har ikke taget stilling,Ved ikke / har ikke taget stilling,Ved ikke / har ikke taget stilling,1,0,1,0,0,1,1,2,0,0,0,0,0,0,0,0,6,red
Steen Frandsen,Bornholms Storkreds,A. Socialdemokratiet,Ønsker ikke at svare,0,0,0,0,0,0,0,0,0,0,0,0,0,0,0,0,0,0,0,0,0,0,0,grey
Thorbjørn Jacobsen,Vestjyllands Storkreds,I. Liberal Alliance,Kødspiser,"Enig - det vil jeg støtte, men jeg vil ikke selv sætte det på dagsordenen","Enig - det vil jeg støtte, men jeg vil ikke selv sætte det på dagsordenen","Enig - det vil jeg støtte, men jeg vil ikke selv sætte det på dagsordenen","Enig - det vil jeg støtte, men jeg vil ikke selv sætte det på dagsordenen","Enig - det vil jeg støtte, men jeg vil ikke selv sætte det på dagsordenen","Enig - det vil jeg støtte, men jeg vil ikke selv sætte det på dagsordenen",1,0,0,0,0,0,0,1,0,0,0,0,1,0,0,1,4,red
Erling Præstekjær,Vestjyllands Storkreds,O. Dansk Folkeparti,Ønsker ikke at svare,Ved ikke / har ikke taget stilling,Ved ikke / har ikke taget stilling,0,0,0,0,0,0,0,0,0,0,0,0,0,0,0,0,0,0,0,0,0,grey
Silje Brynildsen,Nordsjællands Storkreds,F. Socialistisk Folkeparti,Pescetar,Enig - det vil jeg arbejde aktivt for,Enig - det vil jeg arbejde aktivt for,Enig - det vil jeg arbejde aktivt for,Enig - det vil jeg arbejde aktivt for,"Enig - det vil jeg støtte, men jeg vil ikke selv sætte det på dagsordenen",Enig - det vil jeg arbejde aktivt for,2,2,1,1,1,1,1,0,2,2,1,0,2,2,1,2,21,blue
Claus Willén,Københavns Storkreds,I. Liberal Alliance,Kødspiser,Uenig - det vil jeg ikke støtte,Uenig - det vil jeg ikke støtte,Uenig - det vil jeg ikke støtte,Uenig - det vil jeg ikke støtte,Uenig - det vil jeg ikke støtte,Uenig - det vil jeg ikke støtte,0,0,0,0,0,0,0,2,0,0,0,0,0,0,0,0,2,red
Peter Sig Kristensen,Vestjyllands Storkreds,Ø. Enhedslisten,Kødspiser,Enig - det vil jeg arbejde aktivt for,Enig - det vil jeg arbejde aktivt for,Enig - det vil jeg arbejde aktivt for,Enig - det vil jeg arbejde aktivt for,Enig - det vil jeg arbejde aktivt for,Enig - det vil jeg arbejde aktivt for,2,2,2,1,2,2,2,2,2,1,2,2,1,2,2,2,29,red
Andreas Grosbøll,Bornholms Storkreds,F. Socialistisk Folkeparti,Fleksitar,Enig - det vil jeg arbejde aktivt for,Enig - det vil jeg arbejde aktivt for,Enig - det vil jeg arbejde aktivt for,Enig - det vil jeg arbejde aktivt for,Enig - det vil jeg arbejde aktivt for,Enig - det vil jeg arbejde aktivt for,2,2,2,0,0,0,2,2,2,0,0,0,2,0,2,2,18,turquoise
Lars Goldschmidt,Bornholms Storkreds,A. Socialdemokratiet,Kødspiser,0,Enig - det vil jeg arbejde aktivt for,0,"Enig - det vil jeg støtte, men jeg vil ikke selv sætte det på dagsordenen",0,"Enig - det vil jeg støtte, men jeg vil ikke selv sætte det på dagsordenen",2,2,2,0,2,0,1,0,1,0,0,1,1,0,2,1,15,red
Henriette Søvind,Bornholms Storkreds,C. Det Konservative Folkeparti,Fleksitar,"Enig - det vil jeg støtte, men jeg vil ikke selv sætte det på dagsordenen","Enig - det vil jeg støtte, men jeg vil ikke selv sætte det på dagsordenen","Enig - det vil jeg støtte, men jeg vil ikke selv sætte det på dagsordenen","Enig - det vil jeg støtte, men jeg vil ikke selv sætte det på dagsordenen","Enig - det vil jeg støtte, men jeg vil ikke selv sætte det på dagsordenen","Enig - det vil jeg støtte, men jeg vil ikke selv sætte det på dagsordenen",1,1,2,1,1,1,1,2,1,1,1,1,1,0,1,1,17,turquoise
Michael Lange ,Københavns Storkreds,V. Venstre,Fleksitar,Enig - det vil jeg arbejde aktivt for,Enig - det vil jeg arbejde aktivt for,Enig - det vil jeg arbejde aktivt for,Enig - det vil jeg arbejde aktivt for,Enig - det vil jeg arbejde aktivt for,Enig - det vil jeg arbejde aktivt for,2,2,2,2,1,1,2,2,2,1,0,1,1,1,2,2,24,turquoise
Kirsten Normann Andersen ,Østjyllands Storkreds,F. Socialistisk Folkeparti,Ønsker ikke at svare,0,0,0,0,0,0,0,0,0,0,0,0,0,0,0,0,0,0,0,0,0,0,0,grey
Esat Sentürk ,Københavns Omegns Storkreds,B. Det Radikale Venstre,Ønsker ikke at svare,"Enig - det vil jeg støtte, men jeg vil ikke selv sætte det på dagsordenen","Enig - det vil jeg støtte, men jeg vil ikke selv sætte det på dagsordenen","Enig - det vil jeg støtte, men jeg vil ikke selv sætte det på dagsordenen","Enig - det vil jeg støtte, men jeg vil ikke selv sætte det på dagsordenen","Enig - det vil jeg støtte, men jeg vil ikke selv sætte det på dagsordenen","Enig - det vil jeg støtte, men jeg vil ikke selv sætte det på dagsordenen",2,2,1,1,1,1,1,1,1,1,1,0,1,1,1,0,16,grey
Nishan Ganesh,Fyns Storkreds,Q. Frie Grønne,Fleksitar,Enig - det vil jeg arbejde aktivt for,Enig - det vil jeg arbejde aktivt for,Enig - det vil jeg arbejde aktivt for,Enig - det vil jeg arbejde aktivt for,Enig - det vil jeg arbejde aktivt for,Enig - det vil jeg arbejde aktivt for,2,2,2,2,2,1,2,2,2,2,2,2,2,2,2,2,31,turquoise
Gunner Poulsen,Sydjyllands Storkreds,F. Socialistisk Folkeparti,Fleksitar,"Enig - det vil jeg støtte, men jeg vil ikke selv sætte det på dagsordenen",Enig - det vil jeg arbejde aktivt for,Enig - det vil jeg arbejde aktivt for,Enig - det vil jeg arbejde aktivt for,Enig - det vil jeg arbejde aktivt for,"Enig - det vil jeg støtte, men jeg vil ikke selv sætte det på dagsordenen",2,2,2,0,2,2,2,1,2,2,1,2,2,1,2,2,27,turquoise
Mette Lene Jensen,Nordsjællands Storkreds,V. Venstre,Fleksitar,Uenig - det vil jeg ikke støtte,"Enig - det vil jeg støtte, men jeg vil ikke selv sætte det på dagsordenen","Enig - det vil jeg støtte, men jeg vil ikke selv sætte det på dagsordenen","Enig - det vil jeg støtte, men jeg vil ikke selv sætte det på dagsordenen",Ved ikke / har ikke taget stilling,Uenig - det vil jeg ikke støtte,1,1,1,0,0,1,0,1,0,0,0,0,0,0,1,0,6,turquoise
Elise Bjerkrheim,Københavns Storkreds,Q. Frie Grønne,Fleksitar,Enig - det vil jeg arbejde aktivt for,Enig - det vil jeg arbejde aktivt for,Enig - det vil jeg arbejde aktivt for,Enig - det vil jeg arbejde aktivt for,Enig - det vil jeg arbejde aktivt for,Enig - det vil jeg arbejde aktivt for,2,2,2,2,2,2,2,2,2,2,2,2,2,2,2,2,32,turquoise
Karina Lorentzen Dehnhardt,Sydjyllands Storkreds,F. Socialistisk Folkeparti,Ønsker ikke at svare,0,0,0,0,0,0,0,0,0,0,0,0,0,0,0,0,0,0,0,0,0,0,0,grey
Gert Dyrn,Fyns Storkreds,K. Kristendemokraterne,Kødspiser,"Enig - det vil jeg støtte, men jeg vil ikke selv sætte det på dagsordenen","Enig - det vil jeg støtte, men jeg vil ikke selv sætte det på dagsordenen","Enig - det vil jeg støtte, men jeg vil ikke selv sætte det på dagsordenen","Enig - det vil jeg støtte, men jeg vil ikke selv sætte det på dagsordenen","Enig - det vil jeg støtte, men jeg vil ikke selv sætte det på dagsordenen","Enig - det vil jeg støtte, men jeg vil ikke selv sætte det på dagsordenen",2,2,1,2,1,1,0,2,0,0,0,2,0,0,2,0,15,red
Søren Lahn Sloth,Østjyllands Storkreds,F. Socialistisk Folkeparti,Fleksitar,Enig - det vil jeg arbejde aktivt for,Enig - det vil jeg arbejde aktivt for,Enig - det vil jeg arbejde aktivt for,Enig - det vil jeg arbejde aktivt for,Enig - det vil jeg arbejde aktivt for,Enig - det vil jeg arbejde aktivt for,2,2,2,1,0,2,1,0,2,0,0,2,2,2,2,2,22,turquoise
Jakob Axel Nielsen,Nordjyllands Storkreds,C. Det Konservative Folkeparti,Kødspiser,"Enig - det vil jeg støtte, men jeg vil ikke selv sætte det på dagsordenen","Enig - det vil jeg støtte, men jeg vil ikke selv sætte det på dagsordenen","Enig - det vil jeg støtte, men jeg vil ikke selv sætte det på dagsordenen","Enig - det vil jeg støtte, men jeg vil ikke selv sætte det på dagsordenen","Enig - det vil jeg støtte, men jeg vil ikke selv sætte det på dagsordenen","Enig - det vil jeg støtte, men jeg vil ikke selv sætte det på dagsordenen",2,0,1,0,1,0,1,2,1,0,0,0,1,0,0,0,9,red
Jesper Højmark Esbensen,Sydjyllands Storkreds,C. Det Konservative Folkeparti,Kødspiser,Ved ikke / har ikke taget stilling,Ved ikke / har ikke taget stilling,Ved ikke / har ikke taget stilling,Ved ikke / har ikke taget stilling,"Enig - det vil jeg støtte, men jeg vil ikke selv sætte det på dagsordenen",Uenig - det vil jeg ikke støtte,1,1,1,0,0,0,0,2,2,0,0,0,0,0,0,0,7,red
Jonas Hulgaard Ammundsen,Fyns Storkreds,F. Socialistisk Folkeparti,Kødspiser,"Enig - det vil jeg støtte, men jeg vil ikke selv sætte det på dagsordenen",Enig - det vil jeg arbejde aktivt for,Enig - det vil jeg arbejde aktivt for,"Enig - det vil jeg støtte, men jeg vil ikke selv sætte det på dagsordenen",Enig - det vil jeg arbejde aktivt for,Enig - det vil jeg arbejde aktivt for,2,2,2,0,2,1,0,2,2,1,1,0,1,1,2,1,20,red
Nils Sjøberg,Sydjyllands Storkreds,B. Det Radikale Venstre,Fleksitar,Enig - det vil jeg arbejde aktivt for,Enig - det vil jeg arbejde aktivt for,Enig - det vil jeg arbejde aktivt for,Enig - det vil jeg arbejde aktivt for,Enig - det vil jeg arbejde aktivt for,Enig - det vil jeg arbejde aktivt for,2,2,2,2,2,2,2,2,2,2,2,2,2,0,2,2,30,turquoise
Brian Nielsen,Nordjyllands Storkreds,D. Nye Borgerlige,Kødspiser,Uenig - det vil jeg ikke støtte,Uenig - det vil jeg ikke støtte,Uenig - det vil jeg ikke støtte,Uenig - det vil jeg ikke støtte,Uenig - det vil jeg ikke støtte,Uenig - det vil jeg ikke støtte,0,0,0,0,0,0,0,2,0,0,0,0,0,0,0,0,2,red
Ditte Wedege,Østjyllands Storkreds,I. Liberal Alliance,Ønsker ikke at svare,Uenig - det vil jeg ikke støtte,Uenig - det vil jeg ikke støtte,"Enig - det vil jeg støtte, men jeg vil ikke selv sætte det på dagsordenen","Enig - det vil jeg støtte, men jeg vil ikke selv sætte det på dagsordenen",Uenig - det vil jeg ikke støtte,Uenig - det vil jeg ikke støtte,0,0,0,0,0,0,0,0,0,0,0,0,0,0,0,0,0,grey
Carl Andersen,Sydjyllands Storkreds,I. Liberal Alliance,Kødspiser,Uenig - det vil jeg ikke støtte,Uenig - det vil jeg ikke støtte,Uenig - det vil jeg ikke støtte,Uenig - det vil jeg ikke støtte,Uenig - det vil jeg ikke støtte,Uenig - det vil jeg ikke støtte,0,0,0,0,0,0,0,0,0,0,0,0,0,0,0,0,0,red
Heidi Printzen,Østjyllands Storkreds,C. Det Konservative Folkeparti,Kødspiser,"Enig - det vil jeg støtte, men jeg vil ikke selv sætte det på dagsordenen","Enig - det vil jeg støtte, men jeg vil ikke selv sætte det på dagsordenen","Enig - det vil jeg støtte, men jeg vil ikke selv sætte det på dagsordenen","Enig - det vil jeg støtte, men jeg vil ikke selv sætte det på dagsordenen","Enig - det vil jeg støtte, men jeg vil ikke selv sætte det på dagsordenen","Enig - det vil jeg støtte, men jeg vil ikke selv sætte det på dagsordenen",2,1,2,1,0,0,2,2,2,0,0,0,1,0,0,2,15,red
Eva Guldfred,Sjællands Storkreds,K. Kristendemokraterne,Fleksitar,Enig - det vil jeg arbejde aktivt for,Enig - det vil jeg arbejde aktivt for,Enig - det vil jeg arbejde aktivt for,Enig - det vil jeg arbejde aktivt for,"Enig - det vil jeg støtte, men jeg vil ikke selv sætte det på dagsordenen","Enig - det vil jeg støtte, men jeg vil ikke selv sætte det på dagsordenen",2,2,2,1,1,2,1,2,1,0,0,0,2,0,2,1,19,turquoise
Rikke Tangaa,Sydjyllands Storkreds,V. Venstre,Ønsker ikke at svare,0,0,0,0,0,0,0,0,0,0,0,0,0,0,0,0,0,0,0,0,0,0,0,grey
Carl Valentin,Københavns Storkreds,F. Socialistisk Folkeparti,Veganer,Enig - det vil jeg arbejde aktivt for,Enig - det vil jeg arbejde aktivt for,Enig - det vil jeg arbejde aktivt for,Enig - det vil jeg arbejde aktivt for,Enig - det vil jeg arbejde aktivt for,Enig - det vil jeg arbejde aktivt for,2,2,2,2,2,2,2,2,2,2,2,2,2,2,2,2,32,"rgb(16,114,60)"
Charlotte Amdi Burgess,Nordjyllands Storkreds,B. Det Radikale Venstre,Ønsker ikke at svare,0,0,0,0,0,0,0,0,0,0,0,0,0,0,0,0,0,0,0,0,0,0,0,grey
Søren Egge Rasmussen,Sydjyllands Storkreds,Ø. Enhedslisten,Vegetar,Enig - det vil jeg arbejde aktivt for,Enig - det vil jeg arbejde aktivt for,Enig - det vil jeg arbejde aktivt for,Enig - det vil jeg arbejde aktivt for,Enig - det vil jeg arbejde aktivt for,Enig - det vil jeg arbejde aktivt for,2,2,2,1,2,2,1,0,2,0,1,0,2,2,0,2,21,"rgb(140,190,84)"
Maria Katarina Nielsen ,Nordsjællands Storkreds,B. Det Radikale Venstre,Ønsker ikke at svare,"Enig - det vil jeg støtte, men jeg vil ikke selv sætte det på dagsordenen","Enig - det vil jeg støtte, men jeg vil ikke selv sætte det på dagsordenen",Enig - det vil jeg arbejde aktivt for,Enig - det vil jeg arbejde aktivt for,Enig - det vil jeg arbejde aktivt for,Enig - det vil jeg arbejde aktivt for,2,1,0,0,0,0,0,0,0,0,0,0,0,0,0,0,3,grey
Maria Temponeras,Vestjyllands Storkreds,Ø. Enhedslisten,Fleksitar,Enig - det vil jeg arbejde aktivt for,Enig - det vil jeg arbejde aktivt for,Enig - det vil jeg arbejde aktivt for,Enig - det vil jeg arbejde aktivt for,Enig - det vil jeg arbejde aktivt for,Enig - det vil jeg arbejde aktivt for,2,2,2,0,2,2,2,0,0,0,1,1,2,2,2,2,22,turquoise
Ole Lynggaard Jørgensen,Sydjyllands Storkreds,B. Det Radikale Venstre,Kødspiser,"Enig - det vil jeg støtte, men jeg vil ikke selv sætte det på dagsordenen","Enig - det vil jeg støtte, men jeg vil ikke selv sætte det på dagsordenen","Enig - det vil jeg støtte, men jeg vil ikke selv sætte det på dagsordenen","Enig - det vil jeg støtte, men jeg vil ikke selv sætte det på dagsordenen","Enig - det vil jeg støtte, men jeg vil ikke selv sætte det på dagsordenen","Enig - det vil jeg støtte, men jeg vil ikke selv sætte det på dagsordenen",1,1,1,1,1,1,1,0,1,1,1,1,1,1,1,1,15,red
Kim Errebo,Sjællands Storkreds,O. Dansk Folkeparti,Kødspiser,"Enig - det vil jeg støtte, men jeg vil ikke selv sætte det på dagsordenen",Enig - det vil jeg arbejde aktivt for,Enig - det vil jeg arbejde aktivt for,Uenig - det vil jeg ikke støtte,"Enig - det vil jeg støtte, men jeg vil ikke selv sætte det på dagsordenen",Uenig - det vil jeg ikke støtte,1,0,0,0,1,1,1,2,0,0,1,0,0,1,2,0,10,red
Birgitte Bergman,Nordsjællands Storkreds,C. Det Konservative Folkeparti,Ønsker ikke at svare,0,0,0,0,0,0,0,0,0,0,0,0,0,0,0,0,0,0,0,0,0,0,0,grey
Cecilie Winther Kristensen,Københavns Omegns Storkreds,O. Dansk Folkeparti,Fleksitar,Enig - det vil jeg arbejde aktivt for,Enig - det vil jeg arbejde aktivt for,Enig - det vil jeg arbejde aktivt for,Enig - det vil jeg arbejde aktivt for,Enig - det vil jeg arbejde aktivt for,Enig - det vil jeg arbejde aktivt for,0,0,1,1,1,2,1,2,0,0,0,0,1,0,0,0,9,turquoise
Liselotte Katarina Rotfeld,Sjællands Storkreds,Å. Alternativet,Veganer,Enig - det vil jeg arbejde aktivt for,Enig - det vil jeg arbejde aktivt for,Enig - det vil jeg arbejde aktivt for,Enig - det vil jeg arbejde aktivt for,Enig - det vil jeg arbejde aktivt for,Enig - det vil jeg arbejde aktivt for,2,2,2,2,2,2,2,2,2,2,2,2,2,2,2,2,32,"rgb(16,114,60)"
Gert Løfgren,Nordsjællands Storkreds,O. Dansk Folkeparti,Kødspiser,"Enig - det vil jeg støtte, men jeg vil ikke selv sætte det på dagsordenen","Enig - det vil jeg støtte, men jeg vil ikke selv sætte det på dagsordenen","Enig - det vil jeg støtte, men jeg vil ikke selv sætte det på dagsordenen","Enig - det vil jeg støtte, men jeg vil ikke selv sætte det på dagsordenen","Enig - det vil jeg støtte, men jeg vil ikke selv sætte det på dagsordenen","Enig - det vil jeg støtte, men jeg vil ikke selv sætte det på dagsordenen",1,1,1,1,1,2,1,2,1,1,1,0,1,0,1,1,16,red
Søren Højbjerg,Nordsjællands Storkreds,D. Nye Borgerlige,Kødspiser,Uenig - det vil jeg ikke støtte,Uenig - det vil jeg ikke støtte,Uenig - det vil jeg ikke støtte,Uenig - det vil jeg ikke støtte,Uenig - det vil jeg ikke støtte,Uenig - det vil jeg ikke støtte,0,0,0,0,0,0,0,0,0,0,0,0,0,0,0,0,0,red
Anders Krojgaard Lund,Østjyllands Storkreds,C. Det Konservative Folkeparti,Kødspiser,Ved ikke / har ikke taget stilling,Ved ikke / har ikke taget stilling,"Enig - det vil jeg støtte, men jeg vil ikke selv sætte det på dagsordenen","Enig - det vil jeg støtte, men jeg vil ikke selv sætte det på dagsordenen",Ved ikke / har ikke taget stilling,Ved ikke / har ikke taget stilling,0,0,0,0,0,0,0,0,1,0,0,0,0,0,0,0,1,red
Stefan B. Skrubbeltrang,Nordsjællands Storkreds,F. Socialistisk Folkeparti,Ønsker ikke at svare,0,0,0,0,0,0,0,0,0,0,0,0,0,0,0,0,0,0,0,0,0,0,0,grey
Louise Siv Ebbesen,Københavns Omegns Storkreds,I. Liberal Alliance,Kødspiser,Uenig - det vil jeg ikke støtte,Uenig - det vil jeg ikke støtte,Uenig - det vil jeg ikke støtte,Uenig - det vil jeg ikke støtte,Uenig - det vil jeg ikke støtte,Uenig - det vil jeg ikke støtte,0,0,0,0,0,0,0,0,0,0,0,0,0,0,0,0,0,red
Simon Nyborg Jensen,Fyns Storkreds,Å. Alternativet,Veganer,Enig - det vil jeg arbejde aktivt for,Enig - det vil jeg arbejde aktivt for,Enig - det vil jeg arbejde aktivt for,Enig - det vil jeg arbejde aktivt for,Enig - det vil jeg arbejde aktivt for,Enig - det vil jeg arbejde aktivt for,2,2,2,2,2,2,2,2,2,2,2,2,2,2,2,2,32,"rgb(16,114,60)"
Jeanne Rygas Bergmansen,Sjællands Storkreds,F. Socialistisk Folkeparti,Ønsker ikke at svare,Enig - det vil jeg arbejde aktivt for,Enig - det vil jeg arbejde aktivt for,Enig - det vil jeg arbejde aktivt for,Enig - det vil jeg arbejde aktivt for,Enig - det vil jeg arbejde aktivt for,Enig - det vil jeg arbejde aktivt for,0,0,0,0,0,0,0,2,2,2,2,0,0,0,0,0,8,grey
Anders Ladegaard Bork,Sjællands Storkreds,O. Dansk Folkeparti,Kødspiser,Uenig - det vil jeg ikke støtte,Uenig - det vil jeg ikke støtte,Uenig - det vil jeg ikke støtte,Uenig - det vil jeg ikke støtte,Uenig - det vil jeg ikke støtte,Uenig - det vil jeg ikke støtte,0,0,0,0,0,0,0,2,0,0,0,0,0,0,1,0,3,red
Jacob Mark,Sjællands Storkreds,F. Socialistisk Folkeparti,Kødspiser,Enig - det vil jeg arbejde aktivt for,0,Enig - det vil jeg arbejde aktivt for,Enig - det vil jeg arbejde aktivt for,Enig - det vil jeg arbejde aktivt for,0,2,2,2,0,0,2,0,2,2,2,2,0,2,0,2,2,22,red
Sofie F. Villadsen,Københavns Omegns Storkreds,F. Socialistisk Folkeparti,Fleksitar,"Enig - det vil jeg støtte, men jeg vil ikke selv sætte det på dagsordenen",Enig - det vil jeg arbejde aktivt for,Enig - det vil jeg arbejde aktivt for,Enig - det vil jeg arbejde aktivt for,Enig - det vil jeg arbejde aktivt for,Enig - det vil jeg arbejde aktivt for,1,1,2,1,1,1,1,2,2,2,2,0,2,1,2,1,22,turquoise
Ditte Madvig Evald,Sydjyllands Storkreds,Å. Alternativet,Pescetar,Enig - det vil jeg arbejde aktivt for,Enig - det vil jeg arbejde aktivt for,Enig - det vil jeg arbejde aktivt for,Enig - det vil jeg arbejde aktivt for,Enig - det vil jeg arbejde aktivt for,Enig - det vil jeg arbejde aktivt for,2,2,2,2,2,2,2,2,2,2,2,2,2,2,2,2,32,blue
Chris Preuss,Sydjyllands Storkreds,V. Venstre,Ønsker ikke at svare,Uenig - det vil jeg ikke støtte,Uenig - det vil jeg ikke støtte,"Enig - det vil jeg støtte, men jeg vil ikke selv sætte det på dagsordenen",Uenig - det vil jeg ikke støtte,Uenig - det vil jeg ikke støtte,Uenig - det vil jeg ikke støtte,0,0,0,0,0,0,0,0,0,0,0,0,0,0,0,0,0,grey
Danny Rosenkilde,Østjyllands Storkreds,O. Dansk Folkeparti,Kødspiser,0,0,"Enig - det vil jeg støtte, men jeg vil ikke selv sætte det på dagsordenen","Enig - det vil jeg støtte, men jeg vil ikke selv sætte det på dagsordenen",Uenig - det vil jeg ikke støtte,0,0,0,1,0,0,0,1,0,1,0,0,0,0,0,0,0,3,red
Hanna-Maria Lyng,Østjyllands Storkreds,K. Kristendemokraterne,Kødspiser,"Enig - det vil jeg støtte, men jeg vil ikke selv sætte det på dagsordenen","Enig - det vil jeg støtte, men jeg vil ikke selv sætte det på dagsordenen","Enig - det vil jeg støtte, men jeg vil ikke selv sætte det på dagsordenen","Enig - det vil jeg støtte, men jeg vil ikke selv sætte det på dagsordenen","Enig - det vil jeg støtte, men jeg vil ikke selv sætte det på dagsordenen","Enig - det vil jeg støtte, men jeg vil ikke selv sætte det på dagsordenen",0,0,1,0,0,0,1,1,0,0,0,0,0,0,0,0,3,red
Kim Eskesen,Sydjyllands Storkreds,A. Socialdemokratiet,Fleksitar,"Enig - det vil jeg støtte, men jeg vil ikke selv sætte det på dagsordenen","Enig - det vil jeg støtte, men jeg vil ikke selv sætte det på dagsordenen","Enig - det vil jeg støtte, men jeg vil ikke selv sætte det på dagsordenen","Enig - det vil jeg støtte, men jeg vil ikke selv sætte det på dagsordenen","Enig - det vil jeg støtte, men jeg vil ikke selv sætte det på dagsordenen","Enig - det vil jeg støtte, men jeg vil ikke selv sætte det på dagsordenen",2,2,1,0,0,0,1,1,0,0,0,0,0,0,1,0,8,turquoise
Jef Seistrup,Nordjyllands Storkreds,Å. Alternativet,Fleksitar,Enig - det vil jeg arbejde aktivt for,Enig - det vil jeg arbejde aktivt for,Enig - det vil jeg arbejde aktivt for,Enig - det vil jeg arbejde aktivt for,Enig - det vil jeg arbejde aktivt for,Enig - det vil jeg arbejde aktivt for,2,2,2,1,0,1,1,2,2,2,0,0,0,2,2,0,19,turquoise
Nicklas Gjedsig ,Nordjyllands Storkreds,Å. Alternativet,Kødspiser,Enig - det vil jeg arbejde aktivt for,Enig - det vil jeg arbejde aktivt for,Enig - det vil jeg arbejde aktivt for,Enig - det vil jeg arbejde aktivt for,Enig - det vil jeg arbejde aktivt for,Enig - det vil jeg arbejde aktivt for,2,2,2,2,2,2,2,2,2,2,2,2,2,2,2,2,32,red
Peter Loft,Københavns Omegns Storkreds,I. Liberal Alliance,Ønsker ikke at svare,0,0,0,0,0,0,0,0,0,0,0,0,0,0,0,0,0,0,0,0,0,0,0,grey
Peter Kempf Pedersen,Vestjyllands Storkreds,A. Socialdemokratiet,Kødspiser,"Enig - det vil jeg støtte, men jeg vil ikke selv sætte det på dagsordenen",Uenig - det vil jeg ikke støtte,"Enig - det vil jeg støtte, men jeg vil ikke selv sætte det på dagsordenen","Enig - det vil jeg støtte, men jeg vil ikke selv sætte det på dagsordenen","Enig - det vil jeg støtte, men jeg vil ikke selv sætte det på dagsordenen","Enig - det vil jeg støtte, men jeg vil ikke selv sætte det på dagsordenen",1,1,1,1,1,1,0,1,0,0,1,0,1,0,1,1,11,red
Ulla Kokfelt,Københavns Omegns Storkreds,D. Nye Borgerlige,Ønsker ikke at svare,Uenig - det vil jeg ikke støtte,Uenig - det vil jeg ikke støtte,Uenig - det vil jeg ikke støtte,Uenig - det vil jeg ikke støtte,Uenig - det vil jeg ikke støtte,Uenig - det vil jeg ikke støtte,0,0,0,0,0,0,0,0,0,0,0,0,0,0,0,0,0,grey
Edris Qasimi ,Sjællands Storkreds,B. Det Radikale Venstre,Fleksitar,Enig - det vil jeg arbejde aktivt for,Enig - det vil jeg arbejde aktivt for,Enig - det vil jeg arbejde aktivt for,Enig - det vil jeg arbejde aktivt for,Enig - det vil jeg arbejde aktivt for,Enig - det vil jeg arbejde aktivt for,2,2,2,1,1,2,2,2,2,2,1,2,2,0,2,2,27,turquoise
Kris Jensen Skriver,Sydjyllands Storkreds,A. Socialdemokratiet,Kødspiser,"Enig - det vil jeg støtte, men jeg vil ikke selv sætte det på dagsordenen","Enig - det vil jeg støtte, men jeg vil ikke selv sætte det på dagsordenen","Enig - det vil jeg støtte, men jeg vil ikke selv sætte det på dagsordenen","Enig - det vil jeg støtte, men jeg vil ikke selv sætte det på dagsordenen","Enig - det vil jeg støtte, men jeg vil ikke selv sætte det på dagsordenen","Enig - det vil jeg støtte, men jeg vil ikke selv sætte det på dagsordenen",1,1,1,0,0,1,1,0,1,1,0,0,1,0,1,1,10,red
Johnnie Gregersen,Københavns Omegns Storkreds,K. Kristendemokraterne,Fleksitar,"Enig - det vil jeg støtte, men jeg vil ikke selv sætte det på dagsordenen","Enig - det vil jeg støtte, men jeg vil ikke selv sætte det på dagsordenen",Enig - det vil jeg arbejde aktivt for,Enig - det vil jeg arbejde aktivt for,"Enig - det vil jeg støtte, men jeg vil ikke selv sætte det på dagsordenen","Enig - det vil jeg støtte, men jeg vil ikke selv sætte det på dagsordenen",0,0,1,1,1,1,0,2,0,0,0,0,1,0,1,0,8,turquoise
Melina Andersen,Nordjyllands Storkreds,F. Socialistisk Folkeparti,Vegetar,Enig - det vil jeg arbejde aktivt for,Enig - det vil jeg arbejde aktivt for,Enig - det vil jeg arbejde aktivt for,Enig - det vil jeg arbejde aktivt for,Enig - det vil jeg arbejde aktivt for,Enig - det vil jeg arbejde aktivt for,2,2,2,1,2,2,2,1,2,2,2,2,2,2,2,2,30,"rgb(140,190,84)"
Brian Bruun,Københavns Storkreds,O. Dansk Folkeparti,Ønsker ikke at svare,0,0,0,0,0,0,0,0,0,0,0,0,0,0,0,0,0,0,0,0,0,0,0,grey
Hans Christian Molbech,Vestjyllands Storkreds,Å. Alternativet,Ønsker ikke at svare,Enig - det vil jeg arbejde aktivt for,Enig - det vil jeg arbejde aktivt for,Enig - det vil jeg arbejde aktivt for,Enig - det vil jeg arbejde aktivt for,Enig - det vil jeg arbejde aktivt for,Enig - det vil jeg arbejde aktivt for,2,2,0,0,0,0,0,0,0,0,0,0,0,0,0,0,4,grey
Lone Larsen,Københavns Storkreds,A. Socialdemokratiet,Fleksitar,"Enig - det vil jeg støtte, men jeg vil ikke selv sætte det på dagsordenen","Enig - det vil jeg støtte, men jeg vil ikke selv sætte det på dagsordenen","Enig - det vil jeg støtte, men jeg vil ikke selv sætte det på dagsordenen","Enig - det vil jeg støtte, men jeg vil ikke selv sætte det på dagsordenen","Enig - det vil jeg støtte, men jeg vil ikke selv sætte det på dagsordenen","Enig - det vil jeg støtte, men jeg vil ikke selv sætte det på dagsordenen",1,1,1,1,1,1,1,0,0,1,1,0,0,1,0,1,11,turquoise
Rasmus Vestergaard Madsen,Sydjyllands Storkreds,Ø. Enhedslisten,Fleksitar,Enig - det vil jeg arbejde aktivt for,Enig - det vil jeg arbejde aktivt for,Enig - det vil jeg arbejde aktivt for,Enig - det vil jeg arbejde aktivt for,Enig - det vil jeg arbejde aktivt for,Enig - det vil jeg arbejde aktivt for,2,2,2,1,2,2,2,2,2,0,2,2,2,2,2,2,29,turquoise
Benjamin Jørgensen,Nordjyllands Storkreds,F. Socialistisk Folkeparti,Fleksitar,Enig - det vil jeg arbejde aktivt for,Enig - det vil jeg arbejde aktivt for,Enig - det vil jeg arbejde aktivt for,Enig - det vil jeg arbejde aktivt for,Enig - det vil jeg arbejde aktivt for,Enig - det vil jeg arbejde aktivt for,2,1,2,1,1,1,2,2,2,1,2,1,1,1,2,2,24,turquoise
Johanna-Maria Precht,Sydjyllands Storkreds,Ø. Enhedslisten,Fleksitar,Enig - det vil jeg arbejde aktivt for,Enig - det vil jeg arbejde aktivt for,Enig - det vil jeg arbejde aktivt for,Enig - det vil jeg arbejde aktivt for,Enig - det vil jeg arbejde aktivt for,Enig - det vil jeg arbejde aktivt for,2,2,1,1,1,1,1,2,1,1,2,0,2,2,2,2,23,turquoise
Jan Bigum Warming,Sjællands Storkreds,D. Nye Borgerlige,Kødspiser,Uenig - det vil jeg ikke støtte,Uenig - det vil jeg ikke støtte,Uenig - det vil jeg ikke støtte,Uenig - det vil jeg ikke støtte,Uenig - det vil jeg ikke støtte,Uenig - det vil jeg ikke støtte,0,0,0,0,0,0,0,0,0,0,0,0,0,0,0,0,0,red
Jakob Kjærsgaard,Vestjyllands Storkreds,O. Dansk Folkeparti,Ønsker ikke at svare,0,0,0,0,0,0,0,0,0,0,0,0,0,0,0,0,0,0,0,0,0,0,0,grey
Susanne Flydtkjær,Nordjyllands Storkreds,Ø. Enhedslisten,Fleksitar,Enig - det vil jeg arbejde aktivt for,Enig - det vil jeg arbejde aktivt for,Enig - det vil jeg arbejde aktivt for,Enig - det vil jeg arbejde aktivt for,Enig - det vil jeg arbejde aktivt for,Enig - det vil jeg arbejde aktivt for,2,2,2,2,1,2,2,2,1,2,2,1,2,2,2,2,29,turquoise
Thor Laage-Petersen Poulsen,Sjællands Storkreds,Æ. Danmarksdemokraterne,Kødspiser,"Enig - det vil jeg støtte, men jeg vil ikke selv sætte det på dagsordenen","Enig - det vil jeg støtte, men jeg vil ikke selv sætte det på dagsordenen","Enig - det vil jeg støtte, men jeg vil ikke selv sætte det på dagsordenen","Enig - det vil jeg støtte, men jeg vil ikke selv sætte det på dagsordenen","Enig - det vil jeg støtte, men jeg vil ikke selv sætte det på dagsordenen","Enig - det vil jeg støtte, men jeg vil ikke selv sætte det på dagsordenen",1,0,1,1,1,1,1,1,0,0,0,0,0,0,1,0,8,red
Tenna Røberg,Vestjyllands Storkreds,D. Nye Borgerlige,Fleksitar,Uenig - det vil jeg ikke støtte,Uenig - det vil jeg ikke støtte,Uenig - det vil jeg ikke støtte,Uenig - det vil jeg ikke støtte,Uenig - det vil jeg ikke støtte,Uenig - det vil jeg ikke støtte,0,0,0,0,0,0,0,2,0,0,0,0,0,0,1,0,3,turquoise
Anders Højsted ,Københavns Storkreds,B. Det Radikale Venstre,Kødspiser,0,0,0,0,0,"Enig - det vil jeg støtte, men jeg vil ikke selv sætte det på dagsordenen",1,1,1,1,1,1,1,0,1,0,0,0,1,1,2,1,13,red
Jarl Feyling,Københavns Storkreds,A. Socialdemokratiet,Ønsker ikke at svare,"Enig - det vil jeg støtte, men jeg vil ikke selv sætte det på dagsordenen","Enig - det vil jeg støtte, men jeg vil ikke selv sætte det på dagsordenen","Enig - det vil jeg støtte, men jeg vil ikke selv sætte det på dagsordenen","Enig - det vil jeg støtte, men jeg vil ikke selv sætte det på dagsordenen","Enig - det vil jeg støtte, men jeg vil ikke selv sætte det på dagsordenen",Ved ikke / har ikke taget stilling,0,0,0,0,0,0,0,0,0,0,0,0,0,0,0,0,0,grey
Anders Vistisen,Østjyllands Storkreds,O. Dansk Folkeparti,Kødspiser,Uenig - det vil jeg ikke støtte,Uenig - det vil jeg ikke støtte,Uenig - det vil jeg ikke støtte,Uenig - det vil jeg ikke støtte,Uenig - det vil jeg ikke støtte,Uenig - det vil jeg ikke støtte,1,1,0,0,1,0,0,2,0,0,0,0,0,0,0,0,5,red
Klaus Mygind,Københavns Storkreds,F. Socialistisk Folkeparti,Ønsker ikke at svare,Enig - det vil jeg arbejde aktivt for,0,Enig - det vil jeg arbejde aktivt for,0,Enig - det vil jeg arbejde aktivt for,Enig - det vil jeg arbejde aktivt for,2,2,2,2,0,2,2,0,2,2,0,0,0,0,0,0,16,grey
Signe Vedersø Keldorff ,Fyns Storkreds,O. Dansk Folkeparti,Ønsker ikke at svare,0,0,0,0,0,0,0,0,0,0,0,0,0,0,0,0,0,0,0,0,0,0,0,grey
Nicklas Hakmann,Nordsjællands Storkreds,Å. Alternativet,Ønsker ikke at svare,Enig - det vil jeg arbejde aktivt for,Enig - det vil jeg arbejde aktivt for,Enig - det vil jeg arbejde aktivt for,Enig - det vil jeg arbejde aktivt for,Enig - det vil jeg arbejde aktivt for,Enig - det vil jeg arbejde aktivt for,2,2,2,2,2,2,2,2,2,2,2,1,2,2,2,2,31,grey
Mads Madsen Henriksen,Fyns Storkreds,A. Socialdemokratiet,Kødspiser,"Enig - det vil jeg støtte, men jeg vil ikke selv sætte det på dagsordenen","Enig - det vil jeg støtte, men jeg vil ikke selv sætte det på dagsordenen","Enig - det vil jeg støtte, men jeg vil ikke selv sætte det på dagsordenen","Enig - det vil jeg støtte, men jeg vil ikke selv sætte det på dagsordenen","Enig - det vil jeg støtte, men jeg vil ikke selv sætte det på dagsordenen","Enig - det vil jeg støtte, men jeg vil ikke selv sætte det på dagsordenen",2,2,2,1,1,1,1,2,1,1,1,2,2,1,2,2,24,red
Selma Bolø,Sydjyllands Storkreds,Ø. Enhedslisten,Vegetar,Enig - det vil jeg arbejde aktivt for,Enig - det vil jeg arbejde aktivt for,Enig - det vil jeg arbejde aktivt for,Enig - det vil jeg arbejde aktivt for,Enig - det vil jeg arbejde aktivt for,Enig - det vil jeg arbejde aktivt for,2,2,2,1,1,1,2,2,2,1,2,2,2,2,2,2,28,"rgb(140,190,84)"
Lars Oskan-Henriksen,Nordsjællands Storkreds,Q. Frie Grønne,Fleksitar,Enig - det vil jeg arbejde aktivt for,Enig - det vil jeg arbejde aktivt for,Enig - det vil jeg arbejde aktivt for,Enig - det vil jeg arbejde aktivt for,Enig - det vil jeg arbejde aktivt for,Enig - det vil jeg arbejde aktivt for,2,2,2,2,2,2,2,2,2,2,2,2,2,2,2,2,32,turquoise
Nanna Bonde,Sydjyllands Storkreds,F. Socialistisk Folkeparti,Pescetar,0,0,0,0,0,Enig - det vil jeg arbejde aktivt for,2,2,1,0,1,2,2,2,2,0,0,0,2,1,0,1,18,blue
Mohammad Rona,Nordjyllands Storkreds,M. Moderaterne,Kødspiser,"Enig - det vil jeg støtte, men jeg vil ikke selv sætte det på dagsordenen",0,"Enig - det vil jeg støtte, men jeg vil ikke selv sætte det på dagsordenen","Enig - det vil jeg støtte, men jeg vil ikke selv sætte det på dagsordenen","Enig - det vil jeg støtte, men jeg vil ikke selv sætte det på dagsordenen","Enig - det vil jeg støtte, men jeg vil ikke selv sætte det på dagsordenen",1,1,1,0,1,0,1,2,1,0,0,0,0,0,1,0,9,red
Lisa Perkins,Østjyllands Storkreds,I. Liberal Alliance,Ønsker ikke at svare,Uenig - det vil jeg ikke støtte,Uenig - det vil jeg ikke støtte,"Enig - det vil jeg støtte, men jeg vil ikke selv sætte det på dagsordenen","Enig - det vil jeg støtte, men jeg vil ikke selv sætte det på dagsordenen",Uenig - det vil jeg ikke støtte,Uenig - det vil jeg ikke støtte,0,0,0,0,0,0,0,0,0,0,0,0,0,0,0,0,0,grey
Regitze Harslund Sancoeur ,Sjællands Storkreds,C. Det Konservative Folkeparti,Kødspiser,Uenig - det vil jeg ikke støtte,"Enig - det vil jeg støtte, men jeg vil ikke selv sætte det på dagsordenen","Enig - det vil jeg støtte, men jeg vil ikke selv sætte det på dagsordenen","Enig - det vil jeg støtte, men jeg vil ikke selv sætte det på dagsordenen","Enig - det vil jeg støtte, men jeg vil ikke selv sætte det på dagsordenen",Uenig - det vil jeg ikke støtte,0,0,1,0,1,1,0,2,0,0,0,0,1,0,1,0,7,red
Tina Lund Sørensen,Østjyllands Storkreds,V. Venstre,Kødspiser,Uenig - det vil jeg ikke støtte,Uenig - det vil jeg ikke støtte,Uenig - det vil jeg ikke støtte,Uenig - det vil jeg ikke støtte,Uenig - det vil jeg ikke støtte,Uenig - det vil jeg ikke støtte,0,0,0,1,1,0,0,0,0,0,0,0,0,0,1,0,3,red
Carsten Sohl,Sydjyllands Storkreds,Å. Alternativet,Fleksitar,Enig - det vil jeg arbejde aktivt for,Enig - det vil jeg arbejde aktivt for,Enig - det vil jeg arbejde aktivt for,Enig - det vil jeg arbejde aktivt for,Enig - det vil jeg arbejde aktivt for,Enig - det vil jeg arbejde aktivt for,2,2,2,2,2,1,1,2,2,1,2,1,1,2,2,2,27,turquoise
Louise Louring,Østjyllands Storkreds,V. Venstre,Fleksitar,Enig - det vil jeg arbejde aktivt for,Enig - det vil jeg arbejde aktivt for,Enig - det vil jeg arbejde aktivt for,Enig - det vil jeg arbejde aktivt for,Enig - det vil jeg arbejde aktivt for,Enig - det vil jeg arbejde aktivt for,1,1,0,0,0,2,1,2,0,0,0,0,1,0,1,1,10,turquoise
Thomas Kjeldsen ,Nordjyllands Storkreds,F. Socialistisk Folkeparti,Kødspiser,Enig - det vil jeg arbejde aktivt for,Enig - det vil jeg arbejde aktivt for,Enig - det vil jeg arbejde aktivt for,Enig - det vil jeg arbejde aktivt for,Enig - det vil jeg arbejde aktivt for,Enig - det vil jeg arbejde aktivt for,2,2,2,1,1,1,1,2,1,0,1,2,1,1,2,1,21,red
Irina Bjørnø,Københavns Omegns Storkreds,Å. Alternativet,Vegetar,Enig - det vil jeg arbejde aktivt for,"Enig - det vil jeg støtte, men jeg vil ikke selv sætte det på dagsordenen","Enig - det vil jeg støtte, men jeg vil ikke selv sætte det på dagsordenen","Enig - det vil jeg støtte, men jeg vil ikke selv sætte det på dagsordenen",Enig - det vil jeg arbejde aktivt for,"Enig - det vil jeg støtte, men jeg vil ikke selv sætte det på dagsordenen",2,2,2,2,2,2,1,1,1,1,1,1,2,1,2,2,25,"rgb(140,190,84)"
Carolina Magdalene Maier,Københavns Storkreds,B. Det Radikale Venstre,Pescetar,Enig - det vil jeg arbejde aktivt for,Enig - det vil jeg arbejde aktivt for,Enig - det vil jeg arbejde aktivt for,Enig - det vil jeg arbejde aktivt for,Enig - det vil jeg arbejde aktivt for,Enig - det vil jeg arbejde aktivt for,2,2,1,2,1,1,2,2,2,0,1,1,1,2,2,2,24,blue
Marianne Karlberg ,Sydjyllands Storkreds,Q. Frie Grønne,Fleksitar,Enig - det vil jeg arbejde aktivt for,Enig - det vil jeg arbejde aktivt for,Enig - det vil jeg arbejde aktivt for,Enig - det vil jeg arbejde aktivt for,Enig - det vil jeg arbejde aktivt for,Enig - det vil jeg arbejde aktivt for,2,2,2,1,1,2,1,2,2,2,2,2,2,2,2,2,29,turquoise
Sara Grouleff,Østjyllands Storkreds,Q. Frie Grønne,Vegetar,Enig - det vil jeg arbejde aktivt for,Enig - det vil jeg arbejde aktivt for,Enig - det vil jeg arbejde aktivt for,Enig - det vil jeg arbejde aktivt for,Enig - det vil jeg arbejde aktivt for,Enig - det vil jeg arbejde aktivt for,2,2,1,1,1,0,2,1,2,2,2,2,2,2,2,2,26,"rgb(140,190,84)"
Balder Mørk Andersen,Københavns Storkreds,F. Socialistisk Folkeparti,Ønsker ikke at svare,Enig - det vil jeg arbejde aktivt for,Enig - det vil jeg arbejde aktivt for,Enig - det vil jeg arbejde aktivt for,Enig - det vil jeg arbejde aktivt for,Enig - det vil jeg arbejde aktivt for,Enig - det vil jeg arbejde aktivt for,2,2,1,0,0,2,1,0,0,0,0,0,0,0,0,0,8,grey
Kirsten Hindbo,Vestjyllands Storkreds,Å. Alternativet,Vegetar,Enig - det vil jeg arbejde aktivt for,Enig - det vil jeg arbejde aktivt for,Enig - det vil jeg arbejde aktivt for,Enig - det vil jeg arbejde aktivt for,Enig - det vil jeg arbejde aktivt for,Enig - det vil jeg arbejde aktivt for,2,2,2,2,2,2,2,2,2,2,2,2,2,2,2,2,32,"rgb(140,190,84)"
Lucasia Gregersen,Østjyllands Storkreds,Ø. Enhedslisten,Fleksitar,"Enig - det vil jeg støtte, men jeg vil ikke selv sætte det på dagsordenen",Enig - det vil jeg arbejde aktivt for,Enig - det vil jeg arbejde aktivt for,Enig - det vil jeg arbejde aktivt for,Enig - det vil jeg arbejde aktivt for,Enig - det vil jeg arbejde aktivt for,2,2,2,1,2,2,2,1,2,2,2,1,2,2,2,1,28,turquoise
Mrianne Mørk Mathiesen ,Sydjyllands Storkreds,D. Nye Borgerlige,Ønsker ikke at svare,0,0,0,0,0,0,0,0,0,0,0,0,0,0,0,0,0,0,0,0,0,0,0,grey
Lars Arne Christensen,Københavns Omegns Storkreds,M. Moderaterne,Ønsker ikke at svare,Enig - det vil jeg arbejde aktivt for,Enig - det vil jeg arbejde aktivt for,Enig - det vil jeg arbejde aktivt for,Enig - det vil jeg arbejde aktivt for,Enig - det vil jeg arbejde aktivt for,Enig - det vil jeg arbejde aktivt for,2,2,2,2,2,2,2,0,0,0,0,0,0,0,0,0,14,grey
Sofie Lippert ,Østjyllands Storkreds,F. Socialistisk Folkeparti,Pescetar,Enig - det vil jeg arbejde aktivt for,Enig - det vil jeg arbejde aktivt for,Enig - det vil jeg arbejde aktivt for,"Enig - det vil jeg støtte, men jeg vil ikke selv sætte det på dagsordenen",Enig - det vil jeg arbejde aktivt for,Enig - det vil jeg arbejde aktivt for,2,2,2,0,1,1,1,0,2,1,2,0,1,2,2,2,21,blue
Melanie Jørgensen,Fyns Storkreds,D. Nye Borgerlige,Kødspiser,Uenig - det vil jeg ikke støtte,Uenig - det vil jeg ikke støtte,Uenig - det vil jeg ikke støtte,Uenig - det vil jeg ikke støtte,Uenig - det vil jeg ikke støtte,Uenig - det vil jeg ikke støtte,0,0,0,0,0,0,0,1,0,0,0,0,0,0,0,0,1,red
Henrik Tørnqvist Lauridsen ,Fyns Storkreds,D. Nye Borgerlige,Kødspiser,Uenig - det vil jeg ikke støtte,Uenig - det vil jeg ikke støtte,Uenig - det vil jeg ikke støtte,Uenig - det vil jeg ikke støtte,Uenig - det vil jeg ikke støtte,Uenig - det vil jeg ikke støtte,0,0,0,1,0,1,1,2,0,0,0,0,0,0,1,0,6,red
Signe Vedersø Keldorff ,Fyns Storkreds,O. Dansk Folkeparti,Ønsker ikke at svare,0,0,0,0,0,0,0,0,0,0,0,0,0,0,0,0,0,0,0,0,0,0,0,grey
Niko Grünfeld,Østjyllands Storkreds,Q. Frie Grønne,Ønsker ikke at svare,Enig - det vil jeg arbejde aktivt for,Enig - det vil jeg arbejde aktivt for,Enig - det vil jeg arbejde aktivt for,Enig - det vil jeg arbejde aktivt for,Enig - det vil jeg arbejde aktivt for,Enig - det vil jeg arbejde aktivt for,2,2,2,2,2,2,2,2,2,2,2,2,2,2,2,2,32,grey
Alexander Bruhn Skjøth,Københavns Omegns Storkreds,F. Socialistisk Folkeparti,Kødspiser,Ved ikke / har ikke taget stilling,"Enig - det vil jeg støtte, men jeg vil ikke selv sætte det på dagsordenen","Enig - det vil jeg støtte, men jeg vil ikke selv sætte det på dagsordenen","Enig - det vil jeg støtte, men jeg vil ikke selv sætte det på dagsordenen","Enig - det vil jeg støtte, men jeg vil ikke selv sætte det på dagsordenen",Ved ikke / har ikke taget stilling,0,0,0,0,0,0,0,0,0,0,0,0,0,0,1,0,1,red
Mads Damgaard Mortensen,Østjyllands Storkreds,Å. Alternativet,Kødspiser,"Enig - det vil jeg støtte, men jeg vil ikke selv sætte det på dagsordenen","Enig - det vil jeg støtte, men jeg vil ikke selv sætte det på dagsordenen","Enig - det vil jeg støtte, men jeg vil ikke selv sætte det på dagsordenen","Enig - det vil jeg støtte, men jeg vil ikke selv sætte det på dagsordenen","Enig - det vil jeg støtte, men jeg vil ikke selv sætte det på dagsordenen","Enig - det vil jeg støtte, men jeg vil ikke selv sætte det på dagsordenen",1,1,2,1,1,1,1,2,2,1,1,1,1,2,2,1,21,red
Dina Raabjerg,Vestjyllands Storkreds,C. Det Konservative Folkeparti,Ønsker ikke at svare,"Enig - det vil jeg støtte, men jeg vil ikke selv sætte det på dagsordenen","Enig - det vil jeg støtte, men jeg vil ikke selv sætte det på dagsordenen","Enig - det vil jeg støtte, men jeg vil ikke selv sætte det på dagsordenen","Enig - det vil jeg støtte, men jeg vil ikke selv sætte det på dagsordenen","Enig - det vil jeg støtte, men jeg vil ikke selv sætte det på dagsordenen","Enig - det vil jeg støtte, men jeg vil ikke selv sætte det på dagsordenen",2,2,0,0,0,0,1,2,0,0,0,0,0,0,0,0,7,grey
Vibeke Syppli Enrum,Fyns Storkreds,Ø. Enhedslisten,Pescetar,Enig - det vil jeg arbejde aktivt for,Enig - det vil jeg arbejde aktivt for,Enig - det vil jeg arbejde aktivt for,Enig - det vil jeg arbejde aktivt for,Enig - det vil jeg arbejde aktivt for,Enig - det vil jeg arbejde aktivt for,0,2,2,1,2,2,1,2,2,2,2,2,2,2,2,2,28,blue
Necla Baran,Københavns Omegns Storkreds,Ø. Enhedslisten,Fleksitar,Enig - det vil jeg arbejde aktivt for,"Enig - det vil jeg støtte, men jeg vil ikke selv sætte det på dagsordenen","Enig - det vil jeg støtte, men jeg vil ikke selv sætte det på dagsordenen","Enig - det vil jeg støtte, men jeg vil ikke selv sætte det på dagsordenen",Enig - det vil jeg arbejde aktivt for,Enig - det vil jeg arbejde aktivt for,2,2,2,1,2,2,2,2,2,2,1,2,2,2,2,2,30,turquoise
Emil Ulrik Andersen,Nordsjællands Storkreds,Ø. Enhedslisten,Veganer,Enig - det vil jeg arbejde aktivt for,Enig - det vil jeg arbejde aktivt for,Enig - det vil jeg arbejde aktivt for,Enig - det vil jeg arbejde aktivt for,Enig - det vil jeg arbejde aktivt for,Enig - det vil jeg arbejde aktivt for,2,2,2,1,1,2,2,2,2,2,2,2,2,2,2,2,30,"rgb(16,114,60)"
Franciska Rosenkilde,Københavns Storkreds,Å. Alternativet,Vegetar,Enig - det vil jeg arbejde aktivt for,Enig - det vil jeg arbejde aktivt for,Enig - det vil jeg arbejde aktivt for,Enig - det vil jeg arbejde aktivt for,Enig - det vil jeg arbejde aktivt for,Enig - det vil jeg arbejde aktivt for,2,2,2,2,2,2,2,2,2,2,2,2,2,2,2,2,32,"rgb(140,190,84)"
Noah Reinert Sturis,Københavns Storkreds,Å. Alternativet,Ønsker ikke at svare,Enig - det vil jeg arbejde aktivt for,Enig - det vil jeg arbejde aktivt for,Enig - det vil jeg arbejde aktivt for,Enig - det vil jeg arbejde aktivt for,Enig - det vil jeg arbejde aktivt for,Enig - det vil jeg arbejde aktivt for,2,2,2,2,2,2,2,2,2,0,0,0,0,0,0,0,18,grey
Karin B Nissen,Sydjyllands Storkreds,F. Socialistisk Folkeparti,Fleksitar,Enig - det vil jeg arbejde aktivt for,Enig - det vil jeg arbejde aktivt for,Enig - det vil jeg arbejde aktivt for,Enig - det vil jeg arbejde aktivt for,Enig - det vil jeg arbejde aktivt for,Enig - det vil jeg arbejde aktivt for,2,2,2,1,1,2,2,1,1,1,1,1,2,1,2,1,23,turquoise
Malene Grandjean,Sjællands Storkreds,V. Venstre,Ønsker ikke at svare,0,0,0,0,0,0,0,0,0,0,0,0,0,0,0,0,0,0,0,0,0,0,0,grey
Malte Jäger,Fyns Storkreds,D. Nye Borgerlige,Kødspiser,Uenig - det vil jeg ikke støtte,Uenig - det vil jeg ikke støtte,Uenig - det vil jeg ikke støtte,Uenig - det vil jeg ikke støtte,Uenig - det vil jeg ikke støtte,Uenig - det vil jeg ikke støtte,0,0,0,0,0,0,0,0,0,0,0,0,0,0,0,0,0,red
Susanne Stenstrop Thorsen,Sydjyllands Storkreds,F. Socialistisk Folkeparti,Ønsker ikke at svare,Ved ikke / har ikke taget stilling,Enig - det vil jeg arbejde aktivt for,Enig - det vil jeg arbejde aktivt for,Enig - det vil jeg arbejde aktivt for,Enig - det vil jeg arbejde aktivt for,Ved ikke / har ikke taget stilling,1,1,1,0,0,1,1,0,1,2,0,0,0,0,0,0,8,grey
Ib Bjerregaard,Vestjyllands Storkreds,V. Venstre,Kødspiser,Uenig - det vil jeg ikke støtte,"Enig - det vil jeg støtte, men jeg vil ikke selv sætte det på dagsordenen",Enig - det vil jeg arbejde aktivt for,"Enig - det vil jeg støtte, men jeg vil ikke selv sætte det på dagsordenen",Uenig - det vil jeg ikke støtte,Uenig - det vil jeg ikke støtte,0,0,0,0,0,0,1,1,0,0,0,0,0,0,0,0,2,red
Rasmus Horn Langhoff,Sjællands Storkreds,A. Socialdemokratiet,Ønsker ikke at svare,0,0,0,0,0,0,0,0,0,0,0,0,0,0,0,0,0,0,0,0,0,0,0,grey
Louise Davidsen,Københavns Storkreds,M. Moderaterne,Fleksitar,Enig - det vil jeg arbejde aktivt for,Enig - det vil jeg arbejde aktivt for,Enig - det vil jeg arbejde aktivt for,Enig - det vil jeg arbejde aktivt for,Enig - det vil jeg arbejde aktivt for,Enig - det vil jeg arbejde aktivt for,0,0,1,1,2,2,1,2,0,0,0,1,1,0,2,1,14,turquoise
Lars Axel Nielsen ,Østjyllands Storkreds,D. Nye Borgerlige,Ønsker ikke at svare,0,0,0,0,0,0,0,0,0,0,0,0,0,0,0,0,0,0,0,0,0,0,0,grey
Freya Luna Andersen,Vestjyllands Storkreds,M. Moderaterne,Ønsker ikke at svare,"Enig - det vil jeg støtte, men jeg vil ikke selv sætte det på dagsordenen","Enig - det vil jeg støtte, men jeg vil ikke selv sætte det på dagsordenen","Enig - det vil jeg støtte, men jeg vil ikke selv sætte det på dagsordenen","Enig - det vil jeg støtte, men jeg vil ikke selv sætte det på dagsordenen","Enig - det vil jeg støtte, men jeg vil ikke selv sætte det på dagsordenen","Enig - det vil jeg støtte, men jeg vil ikke selv sætte det på dagsordenen",1,0,0,0,0,0,0,0,0,0,0,0,0,0,0,0,1,grey
Anders Pedersen ,Østjyllands Storkreds,Ø. Enhedslisten,Pescetar,Enig - det vil jeg arbejde aktivt for,Enig - det vil jeg arbejde aktivt for,Enig - det vil jeg arbejde aktivt for,Enig - det vil jeg arbejde aktivt for,Enig - det vil jeg arbejde aktivt for,Enig - det vil jeg arbejde aktivt for,2,2,1,0,1,1,2,1,2,2,2,2,2,2,1,2,25,blue
Henrik Møller,Nordsjællands Storkreds,A. Socialdemokratiet,Fleksitar,"Enig - det vil jeg støtte, men jeg vil ikke selv sætte det på dagsordenen","Enig - det vil jeg støtte, men jeg vil ikke selv sætte det på dagsordenen","Enig - det vil jeg støtte, men jeg vil ikke selv sætte det på dagsordenen","Enig - det vil jeg støtte, men jeg vil ikke selv sætte det på dagsordenen","Enig - det vil jeg støtte, men jeg vil ikke selv sætte det på dagsordenen","Enig - det vil jeg støtte, men jeg vil ikke selv sætte det på dagsordenen",2,2,1,0,0,1,1,1,0,0,0,0,0,0,2,1,11,turquoise
Karin Liltorp,Østjyllands Storkreds,M. Moderaterne,Pescetar,"Enig - det vil jeg støtte, men jeg vil ikke selv sætte det på dagsordenen","Enig - det vil jeg støtte, men jeg vil ikke selv sætte det på dagsordenen","Enig - det vil jeg støtte, men jeg vil ikke selv sætte det på dagsordenen","Enig - det vil jeg støtte, men jeg vil ikke selv sætte det på dagsordenen","Enig - det vil jeg støtte, men jeg vil ikke selv sætte det på dagsordenen","Enig - det vil jeg støtte, men jeg vil ikke selv sætte det på dagsordenen",1,1,1,0,0,1,1,1,1,0,0,0,0,1,1,0,9,blue
Keld Marstrand Wang,Vestjyllands Storkreds,B. Det Radikale Venstre,Fleksitar,Enig - det vil jeg arbejde aktivt for,"Enig - det vil jeg støtte, men jeg vil ikke selv sætte det på dagsordenen",Enig - det vil jeg arbejde aktivt for,Enig - det vil jeg arbejde aktivt for,"Enig - det vil jeg støtte, men jeg vil ikke selv sætte det på dagsordenen","Enig - det vil jeg støtte, men jeg vil ikke selv sætte det på dagsordenen",1,2,1,2,2,1,2,2,1,0,0,0,1,0,2,2,19,turquoise
Mathias D. Christiansen,Sydjyllands Storkreds,Ø. Enhedslisten,Fleksitar,Enig - det vil jeg arbejde aktivt for,Enig - det vil jeg arbejde aktivt for,Enig - det vil jeg arbejde aktivt for,Enig - det vil jeg arbejde aktivt for,Enig - det vil jeg arbejde aktivt for,Enig - det vil jeg arbejde aktivt for,1,1,2,1,2,2,2,0,2,2,2,0,2,2,2,2,25,turquoise
Emma Thorup Jacobsen,Vestjyllands Storkreds,F. Socialistisk Folkeparti,Fleksitar,Enig - det vil jeg arbejde aktivt for,Enig - det vil jeg arbejde aktivt for,Enig - det vil jeg arbejde aktivt for,Enig - det vil jeg arbejde aktivt for,Enig - det vil jeg arbejde aktivt for,Enig - det vil jeg arbejde aktivt for,2,2,2,0,1,2,1,2,2,2,2,0,2,2,2,2,26,turquoise
Tobias Pagh,Sydjyllands Storkreds,I. Liberal Alliance,Kødspiser,Uenig - det vil jeg ikke støtte,Uenig - det vil jeg ikke støtte,Uenig - det vil jeg ikke støtte,Uenig - det vil jeg ikke støtte,Uenig - det vil jeg ikke støtte,Uenig - det vil jeg ikke støtte,0,0,0,0,0,0,0,1,1,0,0,0,0,0,0,0,2,red
Birgit Gedionsen,Sjællands Storkreds,Ø. Enhedslisten,Fleksitar,Enig - det vil jeg arbejde aktivt for,Enig - det vil jeg arbejde aktivt for,Enig - det vil jeg arbejde aktivt for,Enig - det vil jeg arbejde aktivt for,Enig - det vil jeg arbejde aktivt for,Enig - det vil jeg arbejde aktivt for,2,2,2,2,2,2,2,2,1,1,2,0,2,2,2,2,28,turquoise
Rasmus Nordqvist ,Østjyllands Storkreds,F. Socialistisk Folkeparti,Ønsker ikke at svare,Enig - det vil jeg arbejde aktivt for,Enig - det vil jeg arbejde aktivt for,Enig - det vil jeg arbejde aktivt for,Enig - det vil jeg arbejde aktivt for,Enig - det vil jeg arbejde aktivt for,Enig - det vil jeg arbejde aktivt for,2,2,2,0,1,2,0,0,0,0,0,0,0,0,0,0,9,grey
Rasmus Skindbjerg Hinrichs,Københavns Omegns Storkreds,M. Moderaterne,Kødspiser,"Enig - det vil jeg støtte, men jeg vil ikke selv sætte det på dagsordenen","Enig - det vil jeg støtte, men jeg vil ikke selv sætte det på dagsordenen","Enig - det vil jeg støtte, men jeg vil ikke selv sætte det på dagsordenen","Enig - det vil jeg støtte, men jeg vil ikke selv sætte det på dagsordenen",Ved ikke / har ikke taget stilling,Ved ikke / har ikke taget stilling,1,0,2,1,1,0,0,1,1,0,1,0,0,0,0,0,8,red
Ulla Munksgaard,Sjællands Storkreds,Å. Alternativet,Fleksitar,Enig - det vil jeg arbejde aktivt for,0,Enig - det vil jeg arbejde aktivt for,0,Enig - det vil jeg arbejde aktivt for,0,2,2,2,2,2,2,2,2,2,2,2,2,2,2,2,2,32,turquoise
Vivi Nør Jacobsen,Københavns Omegns Storkreds,F. Socialistisk Folkeparti,Pescetar,"Enig - det vil jeg støtte, men jeg vil ikke selv sætte det på dagsordenen","Enig - det vil jeg støtte, men jeg vil ikke selv sætte det på dagsordenen","Enig - det vil jeg støtte, men jeg vil ikke selv sætte det på dagsordenen","Enig - det vil jeg støtte, men jeg vil ikke selv sætte det på dagsordenen","Enig - det vil jeg støtte, men jeg vil ikke selv sætte det på dagsordenen","Enig - det vil jeg støtte, men jeg vil ikke selv sætte det på dagsordenen",0,0,1,0,1,0,1,2,1,0,0,0,1,1,1,1,10,blue
Esben Frette Johnsen ,Københavns Omegns Storkreds,K. Kristendemokraterne,Fleksitar,"Enig - det vil jeg støtte, men jeg vil ikke selv sætte det på dagsordenen","Enig - det vil jeg støtte, men jeg vil ikke selv sætte det på dagsordenen","Enig - det vil jeg støtte, men jeg vil ikke selv sætte det på dagsordenen","Enig - det vil jeg støtte, men jeg vil ikke selv sætte det på dagsordenen","Enig - det vil jeg støtte, men jeg vil ikke selv sætte det på dagsordenen","Enig - det vil jeg støtte, men jeg vil ikke selv sætte det på dagsordenen",1,1,1,0,0,2,1,1,2,0,1,1,1,0,1,1,14,turquoise
Emilie Normann,Københavns Storkreds,B. Det Radikale Venstre,Fleksitar,Enig - det vil jeg arbejde aktivt for,Enig - det vil jeg arbejde aktivt for,Enig - det vil jeg arbejde aktivt for,Enig - det vil jeg arbejde aktivt for,Enig - det vil jeg arbejde aktivt for,Enig - det vil jeg arbejde aktivt for,2,2,1,0,2,2,1,2,2,1,2,0,1,0,2,2,22,turquoise
David Rønne,Københavns Storkreds,Ø. Enhedslisten,Fleksitar,Enig - det vil jeg arbejde aktivt for,Enig - det vil jeg arbejde aktivt for,0,Enig - det vil jeg arbejde aktivt for,Enig - det vil jeg arbejde aktivt for,Enig - det vil jeg arbejde aktivt for,2,2,2,1,2,2,2,2,2,2,2,2,2,2,2,2,31,turquoise
Inger-Marie Tryde,Østjyllands Storkreds,D. Nye Borgerlige,Kødspiser,"Enig - det vil jeg støtte, men jeg vil ikke selv sætte det på dagsordenen","Enig - det vil jeg støtte, men jeg vil ikke selv sætte det på dagsordenen","Enig - det vil jeg støtte, men jeg vil ikke selv sætte det på dagsordenen","Enig - det vil jeg støtte, men jeg vil ikke selv sætte det på dagsordenen","Enig - det vil jeg støtte, men jeg vil ikke selv sætte det på dagsordenen","Enig - det vil jeg støtte, men jeg vil ikke selv sætte det på dagsordenen",0,0,1,0,1,0,0,2,0,0,0,0,0,0,0,0,4,red
Anders Ladegaard Marchsteiner,Sjællands Storkreds,Ø. Enhedslisten,Fleksitar,"Enig - det vil jeg støtte, men jeg vil ikke selv sætte det på dagsordenen","Enig - det vil jeg støtte, men jeg vil ikke selv sætte det på dagsordenen","Enig - det vil jeg støtte, men jeg vil ikke selv sætte det på dagsordenen","Enig - det vil jeg støtte, men jeg vil ikke selv sætte det på dagsordenen","Enig - det vil jeg støtte, men jeg vil ikke selv sætte det på dagsordenen","Enig - det vil jeg støtte, men jeg vil ikke selv sætte det på dagsordenen",1,1,0,0,1,0,0,1,1,1,1,0,1,1,1,1,11,turquoise
Henrik Boye,Fyns Storkreds,Å. Alternativet,Fleksitar,"Enig - det vil jeg støtte, men jeg vil ikke selv sætte det på dagsordenen","Enig - det vil jeg støtte, men jeg vil ikke selv sætte det på dagsordenen","Enig - det vil jeg støtte, men jeg vil ikke selv sætte det på dagsordenen","Enig - det vil jeg støtte, men jeg vil ikke selv sætte det på dagsordenen","Enig - det vil jeg støtte, men jeg vil ikke selv sætte det på dagsordenen","Enig - det vil jeg støtte, men jeg vil ikke selv sætte det på dagsordenen",2,2,2,1,1,2,1,2,2,2,2,1,1,2,2,2,27,turquoise
Christian Ivan Jacobsen,Vestjyllands Storkreds,Ø. Enhedslisten,Fleksitar,"Enig - det vil jeg støtte, men jeg vil ikke selv sætte det på dagsordenen","Enig - det vil jeg støtte, men jeg vil ikke selv sætte det på dagsordenen","Enig - det vil jeg støtte, men jeg vil ikke selv sætte det på dagsordenen","Enig - det vil jeg støtte, men jeg vil ikke selv sætte det på dagsordenen","Enig - det vil jeg støtte, men jeg vil ikke selv sætte det på dagsordenen","Enig - det vil jeg støtte, men jeg vil ikke selv sætte det på dagsordenen",2,2,1,1,1,1,2,1,0,0,1,2,1,2,2,2,21,turquoise
Steffen Holme Helledie,Nordjyllands Storkreds,B. Det Radikale Venstre,Kødspiser,"Enig - det vil jeg støtte, men jeg vil ikke selv sætte det på dagsordenen","Enig - det vil jeg støtte, men jeg vil ikke selv sætte det på dagsordenen","Enig - det vil jeg støtte, men jeg vil ikke selv sætte det på dagsordenen","Enig - det vil jeg støtte, men jeg vil ikke selv sætte det på dagsordenen","Enig - det vil jeg støtte, men jeg vil ikke selv sætte det på dagsordenen","Enig - det vil jeg støtte, men jeg vil ikke selv sætte det på dagsordenen",2,2,1,0,0,1,1,0,2,0,0,0,0,0,1,0,10,red
Esra Ocak,Nordjyllands Storkreds,Q. Frie Grønne,Fleksitar,Enig - det vil jeg arbejde aktivt for,Enig - det vil jeg arbejde aktivt for,Enig - det vil jeg arbejde aktivt for,Enig - det vil jeg arbejde aktivt for,Enig - det vil jeg arbejde aktivt for,Enig - det vil jeg arbejde aktivt for,2,2,1,2,1,2,2,2,2,1,2,2,2,2,2,2,29,turquoise
Merete Dea Larsen,Sjællands Storkreds,O. Dansk Folkeparti,Ønsker ikke at svare,0,0,0,0,0,0,0,0,0,0,0,0,0,0,0,0,0,0,0,0,0,0,0,grey
Stefan Rundstrøm,Københavns Omegns Storkreds,Ø. Enhedslisten,Kødspiser,Enig - det vil jeg arbejde aktivt for,Enig - det vil jeg arbejde aktivt for,Enig - det vil jeg arbejde aktivt for,Enig - det vil jeg arbejde aktivt for,Enig - det vil jeg arbejde aktivt for,Enig - det vil jeg arbejde aktivt for,2,2,2,1,1,1,1,1,2,1,0,1,2,2,2,2,23,red
Mohamed Abdikarim ,Østjyllands Storkreds,Q. Frie Grønne,Fleksitar,Enig - det vil jeg arbejde aktivt for,Enig - det vil jeg arbejde aktivt for,Enig - det vil jeg arbejde aktivt for,Enig - det vil jeg arbejde aktivt for,Enig - det vil jeg arbejde aktivt for,Enig - det vil jeg arbejde aktivt for,2,2,2,2,1,1,2,2,2,2,2,2,2,2,2,2,30,turquoise
Søren Lund Hansen ,Sjællands Storkreds,O. Dansk Folkeparti,Kødspiser,"Enig - det vil jeg støtte, men jeg vil ikke selv sætte det på dagsordenen","Enig - det vil jeg støtte, men jeg vil ikke selv sætte det på dagsordenen","Enig - det vil jeg støtte, men jeg vil ikke selv sætte det på dagsordenen","Enig - det vil jeg støtte, men jeg vil ikke selv sætte det på dagsordenen","Enig - det vil jeg støtte, men jeg vil ikke selv sætte det på dagsordenen","Enig - det vil jeg støtte, men jeg vil ikke selv sætte det på dagsordenen",0,0,1,0,1,1,1,2,0,0,0,0,1,0,1,0,8,red
Rune Kristensen,Sjællands Storkreds,C. Det Konservative Folkeparti,Kødspiser,Uenig - det vil jeg ikke støtte,Uenig - det vil jeg ikke støtte,Uenig - det vil jeg ikke støtte,Uenig - det vil jeg ikke støtte,Uenig - det vil jeg ikke støtte,Uenig - det vil jeg ikke støtte,2,2,0,1,0,1,1,2,0,0,0,0,0,0,1,0,10,red
Allon Hein Sørensen,Nordsjællands Storkreds,Å. Alternativet,Kødspiser,Enig - det vil jeg arbejde aktivt for,Enig - det vil jeg arbejde aktivt for,Enig - det vil jeg arbejde aktivt for,Enig - det vil jeg arbejde aktivt for,Enig - det vil jeg arbejde aktivt for,Enig - det vil jeg arbejde aktivt for,2,1,1,1,0,1,1,2,2,2,0,2,2,2,2,2,23,red
Sinus Petter Kremmer,Fyns Storkreds,I. Liberal Alliance,Ønsker ikke at svare,0,0,0,0,0,0,0,0,0,0,0,0,0,0,0,0,0,0,0,0,0,0,0,grey
Kenneth Bjerg Andersen,Fyns Storkreds,M. Moderaterne,Ønsker ikke at svare,Uenig - det vil jeg ikke støtte,Uenig - det vil jeg ikke støtte,Uenig - det vil jeg ikke støtte,Uenig - det vil jeg ikke støtte,Uenig - det vil jeg ikke støtte,Uenig - det vil jeg ikke støtte,1,0,0,0,0,0,0,0,0,0,0,0,0,0,0,0,1,grey
Søren Espersen,Sydjyllands Storkreds,Æ. Danmarksdemokraterne,Ønsker ikke at svare,0,0,0,0,0,0,0,0,0,0,0,0,0,0,0,0,0,0,0,0,0,0,0,grey
